[{
        "model": "shop.category",
        "pk": "01729a94-1f21-4b4e-a34c-a907e757182e",
        "fields": {
            "name": "Supplies",
            "description": "Food, bowls and even perfume, we've got it all!",
            "image": "category/Supplies_t9SJEEV.png"
        }
    },
    {
        "model": "shop.category",
        "pk": "7c545da6-1541-4c4c-9f3d-e08000d0d1d4",
        "fields": {
            "name": "Toys",
            "description": "Give your pets the time of their life with these fun new toys!",
            "image": "category/Toys_jRR2D3N.png"
        }
    },
    {
        "model": "shop.category",
        "pk": "e3f2cc96-b3d4-4ea9-bd40-54de17a8004c",
        "fields": {
            "name": "Clothing",
            "description": "Clothes for your favorite little friends!",
            "image": "category/Clothing_cYtqK4q.png"
        }
    },
    {
        "model": "shop.pet",
        "pk": "77a291ae-64e3-4489-aae0-44a90adabeb4",
        "fields": {
            "name": "Birds",
            "description": "Parrots etc..."
        }
    },
    {
        "model": "shop.pet",
        "pk": "a7cdac21-001e-4f64-b150-42b107ef6daf",
        "fields": {
            "name": "Dog",
            "description": "Makes a WOOF sound!"
        }
    },
    {
        "model": "shop.pet",
        "pk": "c020af38-1a4a-4330-aaf8-596039f257e3",
        "fields": {
            "name": "Cat",
            "description": "The Cat goes Meow"
        }
    },
    {
        "model": "shop.product",
        "pk": "13a4f36c-49bb-4b87-a1d9-545a7ddc69b2",
        "fields": {
            "name": "Jingler Wood Bird Toy",
            "description": "The Bird House is a Bird product brand under Happy Pet Ltd. The Bird House offers a range of birds products that are suitable from small to medium and medium to large sized birds. The range has something to offer to all types of birds. The products are made from natural materials so they are harmless to the birds and will give your pet hours of playtime.",
            "category": "7c545da6-1541-4c4c-9f3d-e08000d0d1d4",
            "price": "10.00",
            "image": "product/Jingler_Wood_Bird_Toy.jpg",
            "stock": 25,
            "available": true,
            "created": "2023-11-24T11:49:18.383Z",
            "updated": "2023-11-24T11:49:18.383Z",
            "pet": "77a291ae-64e3-4489-aae0-44a90adabeb4"
        }
    },
    {
        "model": "shop.product",
        "pk": "340c6eff-dad7-456b-b7e7-2d9d5a184bbd",
        "fields": {
            "name": "Pink Stainless Steel Dog Bowl",
            "description": "Food Grade Stainless Steel Material: Pet Dog Cat bowls are made of high-quality stainless steel-odorless, anti-oxidant, and corrosion-resistant, create a healthy diet for your pet. Durable, anti-rust, anti-bite, a great substitute for plastic bowls.",
            "category": "01729a94-1f21-4b4e-a34c-a907e757182e",
            "price": "7.99",
            "image": "product/pink_dog_bowls.jpg",
            "stock": 10,
            "available": true,
            "created": "2023-11-24T11:53:58.997Z",
            "updated": "2023-11-24T11:53:58.997Z",
            "pet": "a7cdac21-001e-4f64-b150-42b107ef6daf"
        }
    },
    {
        "model": "shop.product",
        "pk": "4e32eb05-f691-411b-a4ce-10f43ee43dc6",
        "fields": {
            "name": "Peckish Seed Pack",
            "description": "A rich seed and nut mix which will bring more birds, colour and song to your garden. This is a no mess mix meaning that the seeds have had their husks removed to prevent waste.",
            "category": "01729a94-1f21-4b4e-a34c-a907e757182e",
            "price": "6.99",
            "image": "product/peckis_seed_pack.jpg",
            "stock": 22,
            "available": true,
            "created": "2023-11-24T11:55:43.743Z",
            "updated": "2023-11-24T11:55:43.743Z",
            "pet": "77a291ae-64e3-4489-aae0-44a90adabeb4"
        }
    },
    {
        "model": "shop.product",
        "pk": "5311ae82-8d87-47d9-a2f9-e01177c1c660",
        "fields": {
            "name": "Zipper Hooded Dog",
            "description": "Zipper Hoodies Fashionable, Comfortable And Warm, Suitable for Autumn and Winter",
            "category": "e3f2cc96-b3d4-4ea9-bd40-54de17a8004c",
            "price": "17.99",
            "image": "product/Zipper_Hooded_Dog.jpg",
            "stock": 26,
            "available": true,
            "created": "2023-11-24T11:52:59.693Z",
            "updated": "2023-11-24T11:52:59.693Z",
            "pet": "a7cdac21-001e-4f64-b150-42b107ef6daf"
        }
    },
    {
        "model": "shop.product",
        "pk": "693ebbc5-594e-4fd9-9bfa-ace98581a2d9",
        "fields": {
            "name": "Foodie Faces Fluffy Carrot Dog Toy",
            "description": "The Plush Fluffy Carrot Dog Toy by Petface is a quirky and fun dog toy. This bright and colourful dog toy is made from soft fleece, with embroidered eyes and mouth. Soft and lightweight, with a built in squeaker makes this toy perfect for a game of fetch, or a great cuddle companion.",
            "category": "7c545da6-1541-4c4c-9f3d-e08000d0d1d4",
            "price": "4.59",
            "image": "product/carrot_kv36KFz.jpg",
            "stock": 6,
            "available": true,
            "created": "2023-11-29T22:35:44.415Z",
            "updated": "2023-11-29T22:35:44.415Z",
            "pet": "a7cdac21-001e-4f64-b150-42b107ef6daf"
        }
    },
    {
        "model": "shop.product",
        "pk": "6fb32fc9-8433-4699-8fab-fc1036ed1f1b",
        "fields": {
            "name": "Plush Puppy",
            "description": "A fun cute toy.",
            "category": "7c545da6-1541-4c4c-9f3d-e08000d0d1d4",
            "price": "4.99",
            "image": "product/plush-puppy_4HDS67x.jpg",
            "stock": 20,
            "available": true,
            "created": "2023-11-24T11:37:07.790Z",
            "updated": "2023-11-24T11:37:07.790Z",
            "pet": "a7cdac21-001e-4f64-b150-42b107ef6daf"
        }
    },
    {
        "model": "shop.product",
        "pk": "a016a744-9408-4818-b349-e6475f9638cb",
        "fields": {
            "name": "Turtleneck Christmas Dog Jumper",
            "description": "Christmas Style Jumper:The winter jumper is printed with fashionable ugly style,which looks stylish and wonderful.Green and Red colors are very perfect for Christmas.Trust me,your dog will be eyes-catching,when wearing it.",
            "category": "e3f2cc96-b3d4-4ea9-bd40-54de17a8004c",
            "price": "15.00",
            "image": "product/Turtleneck_Christmas_Dog_Jumper.jpg",
            "stock": 30,
            "available": true,
            "created": "2023-11-24T11:50:26.965Z",
            "updated": "2023-11-24T11:50:26.965Z",
            "pet": "a7cdac21-001e-4f64-b150-42b107ef6daf"
        }
    },
    {
        "model": "shop.product",
        "pk": "b0f5a760-8e56-4214-98f4-c17f76a046cf",
        "fields": {
            "name": "Felix Adult Wet Cat Food",
            "description": "Felix adult wet cat food fish selection in jelly pouches. High levels of vitamins D and E to support your cat",
            "category": "01729a94-1f21-4b4e-a34c-a907e757182e",
            "price": "10.99",
            "image": "product/fexli_jelly_food.jpg",
            "stock": 7,
            "available": true,
            "created": "2023-11-24T11:54:42.051Z",
            "updated": "2023-11-24T11:54:42.051Z",
            "pet": "c020af38-1a4a-4330-aaf8-596039f257e3"
        }
    },
    {
        "model": "shop.product",
        "pk": "ef3491e1-22f7-4551-bfeb-62c656b70e6f",
        "fields": {
            "name": "Pet Interactive Fun Roller",
            "description": "Multi Level Tracks: The cat toy attracts kitten to play and entertain for several hours and yet your lovely cat won't feel boring. Perfect for one or more cats.",
            "category": "7c545da6-1541-4c4c-9f3d-e08000d0d1d4",
            "price": "20.00",
            "image": "product/Cat_Interactive_Roller.jpg",
            "stock": 10,
            "available": true,
            "created": "2023-11-24T11:48:20.525Z",
            "updated": "2023-11-24T11:48:20.525Z",
            "pet": "c020af38-1a4a-4330-aaf8-596039f257e3"
        }
    },
    {
        "model": "shop.product",
        "pk": "fc12a88e-b550-468c-972f-f06647ac9124",
        "fields": {
            "name": "Cats Vest Turtleneck Sweater",
            "description": "Warm and Comfortable: The fabric used in the cat suit is comfortable and warm. Super warm, protects the sphinx from cold weather, wont harm the kittens skin, and wont cause allergies. Breathable and elastic, avoid static electricity and protect the sensitive skin of kittens.",
            "category": "e3f2cc96-b3d4-4ea9-bd40-54de17a8004c",
            "price": "14.99",
            "image": "product/Cats_Vest_Turtleneck_Sweater.jpg",
            "stock": 23,
            "available": true,
            "created": "2023-11-24T11:51:51.548Z",
            "updated": "2023-11-24T11:51:51.549Z",
            "pet": "c020af38-1a4a-4330-aaf8-596039f257e3"
        }
    },
    {
        "model": "shop.review",
        "pk": 1,
        "fields": {
            "product": "b0f5a760-8e56-4214-98f4-c17f76a046cf",
            "review": "I like this",
            "author": 4
        }
    },
    {
        "model": "shop.review",
        "pk": 2,
        "fields": {
            "product": "b0f5a760-8e56-4214-98f4-c17f76a046cf",
            "review": "I like this",
            "author": 4
        }
    },
    {
        "model": "shop.review",
        "pk": 3,
        "fields": {
            "product": "b0f5a760-8e56-4214-98f4-c17f76a046cf",
            "review": "I like this",
            "author": 4
        }
    },
    {
        "model": "shop.review",
        "pk": 4,
        "fields": {
            "product": "b0f5a760-8e56-4214-98f4-c17f76a046cf",
            "review": "I like this",
            "author": 4
        }
    },
    {
        "model": "shop.review",
        "pk": 5,
        "fields": {
            "product": "b0f5a760-8e56-4214-98f4-c17f76a046cf",
            "review": "I like this",
            "author": 4
        }
    },
    {
        "model": "shop.review",
        "pk": 6,
        "fields": {
            "product": "b0f5a760-8e56-4214-98f4-c17f76a046cf",
            "review": "I like this",
            "author": 4
        }
    },
    {
        "model": "shop.review",
        "pk": 7,
        "fields": {
            "product": "b0f5a760-8e56-4214-98f4-c17f76a046cf",
            "review": "I like this",
            "author": 4
        }
    },
    {
        "model": "shop.review",
        "pk": 8,
        "fields": {
            "product": "b0f5a760-8e56-4214-98f4-c17f76a046cf",
            "review": "I like this",
            "author": 4
        }
    },
    {
        "model": "shop.review",
        "pk": 9,
        "fields": {
            "product": "fc12a88e-b550-468c-972f-f06647ac9124",
            "review": "I like this",
            "author": 4
        }
    },
    {
        "model": "shop.review",
        "pk": 10,
        "fields": {
            "product": "fc12a88e-b550-468c-972f-f06647ac9124",
            "review": "f",
            "author": 4
        }
    },
    {
        "model": "shop.review",
        "pk": 11,
        "fields": {
            "product": "fc12a88e-b550-468c-972f-f06647ac9124",
            "review": "1",
            "author": 4
        }
    },
    {
        "model": "shop.review",
        "pk": 12,
        "fields": {
            "product": "fc12a88e-b550-468c-972f-f06647ac9124",
            "review": "d",
            "author": 4
        }
    },
    {
        "model": "shop.review",
        "pk": 13,
        "fields": {
            "product": "fc12a88e-b550-468c-972f-f06647ac9124",
            "review": "1",
            "author": 4
        }
    },
    {
        "model": "shop.review",
        "pk": 14,
        "fields": {
            "product": "fc12a88e-b550-468c-972f-f06647ac9124",
            "review": "f",
            "author": 4
        }
    },
    {
        "model": "shop.review",
        "pk": 15,
        "fields": {
            "product": "fc12a88e-b550-468c-972f-f06647ac9124",
            "review": "f",
            "author": 4
        }
    },
    {
        "model": "shop.review",
        "pk": 16,
        "fields": {
            "product": "fc12a88e-b550-468c-972f-f06647ac9124",
            "review": "f",
            "author": 4
        }
    },
    {
        "model": "shop.review",
        "pk": 17,
        "fields": {
            "product": "fc12a88e-b550-468c-972f-f06647ac9124",
            "review": "f",
            "author": 4
        }
    },
    {
        "model": "shop.review",
        "pk": 18,
        "fields": {
            "product": "fc12a88e-b550-468c-972f-f06647ac9124",
            "review": "f",
            "author": 4
        }
    },
    {
        "model": "shop.review",
        "pk": 19,
        "fields": {
            "product": "fc12a88e-b550-468c-972f-f06647ac9124",
            "review": "g",
            "author": 4
        }
    },
    {
        "model": "shop.review",
        "pk": 20,
        "fields": {
            "product": "fc12a88e-b550-468c-972f-f06647ac9124",
            "review": "g",
            "author": 4
        }
    },
    {
        "model": "shop.review",
        "pk": 21,
        "fields": {
            "product": "fc12a88e-b550-468c-972f-f06647ac9124",
            "review": "f",
            "author": 4
        }
    },
    {
        "model": "shop.review",
        "pk": 22,
        "fields": {
            "product": "fc12a88e-b550-468c-972f-f06647ac9124",
            "review": "ty",
            "author": 4
        }
    },
    {
        "model": "shop.review",
        "pk": 23,
        "fields": {
            "product": "fc12a88e-b550-468c-972f-f06647ac9124",
            "review": "f",
            "author": 4
        }
    },
    {
        "model": "shop.review",
        "pk": 24,
        "fields": {
            "product": "b0f5a760-8e56-4214-98f4-c17f76a046cf",
            "review": "I like this",
            "author": 4
        }
    },
    {
        "model": "shop.review",
        "pk": 25,
        "fields": {
            "product": "b0f5a760-8e56-4214-98f4-c17f76a046cf",
            "review": "s",
            "author": 6
        }
    }
]